species,common_name,RBP_count,Family_count,Neuron_count,Genome_size_Mb,Cell_type_diversity,Mean_LLPS_score,High_LLPS_count,High_LLPS_percent
fly,fly,189,13,100000.0,143,80,0.3240166644842918,76,40.21164021164021
frog,frog,98,20,20000000.0,1510,100,0.2442609074053565,36,36.734693877551024
human,human,624,42,86000000000.0,3200,200,0.2544670646051866,247,39.58333333333333
mouse,mouse,553,40,71000000.0,2700,180,0.2083775415694189,205,37.07052441229656
worm,worm,158,11,302.0,100,60,0.3125175313142818,57,36.07594936708861
zebrafish,zebrafish,161,25,10000000.0,1674,120,0.2753889816347643,59,36.64596273291926
