protein_type,rho,ci_lower,ci_upper,ci_width,n_bootstrap
RBP,0.942857142857143,0.5151515151515151,1.0,0.48484848484848486,1000
TF,0.6957252427829382,,,,1000
Kinase,0.6179143806533246,,,,1000
GPCR,0.802377419802878,,,,1000
