comparison,cohens_d,interpretation,rbp_r2,control_r2,variance_explained_diff
RBP vs TF,1.5661427047194918,large,0.8889795918367349,0.4840336134453784,0.40494597839135654
RBP vs Kinase,1.8040279655600182,large,0.8889795918367349,0.3818181818181817,0.5071614100185532
RBP vs GPCR,1.1395662084920664,large,0.8889795918367349,0.6438095238095239,0.24517006802721097
