comparison,rbp_rho,control_rho,difference,z_score,p_value,significant
RBP vs TF,0.942857142857143,0.6957252427829382,0.2471319000742047,1.1074301268129931,0.26810800653506495,False
RBP vs Kinase,0.942857142857143,0.6179143806533246,0.32494276220381835,1.27564040789766,0.20208266310667966,False
RBP vs GPCR,0.942857142857143,0.802377419802878,0.14047972305426493,0.805794993635783,0.4203610651974272,False
