excluded_species,n,rho,p_value,change_from_full
fly,5,0.8999999999999998,0.03738607346849875,-0.04285714285714315
frog,5,0.9999999999999999,1.4042654220543672e-24,0.05714285714285694
human,5,0.8999999999999998,0.03738607346849875,-0.04285714285714315
mouse,5,0.8999999999999998,0.03738607346849875,-0.04285714285714315
worm,5,0.8999999999999998,0.03738607346849875,-0.04285714285714315
zebrafish,5,0.9999999999999999,1.4042654220543672e-24,0.05714285714285694
